text,label,source,category
"Urgent: Government is providing 90% subsidy on buying new tractors under PM Kisan Tractor Scheme 2026. Click here http://pmkisan-tractor-subsidy.online to apply immediately!",misleading,WhatsApp Forward,Scheme Scam
"Under PM-KISAN scheme eligible landholding farmer families receive Rs 6000 per year in three equal installments of Rs 2000 directly transferred into bank accounts. Check details on official portal pmkisan.gov.in.",genuine,Official Government Portal,Scheme Info
"All farmers get free solar pump set without any documents or registration fees! Send your Aadhaar card photo to this WhatsApp number to claim your pump today.",misleading,WhatsApp Forward,Scam
"Pradhan Mantri Fasal Bima Yojana (PMFBY) provides comprehensive crop insurance against non-preventable natural risks. Farmers can enroll at pmfby.gov.in or nearest bank branch before the cutoff date.",genuine,Official Agriculture Ministry,Insurance
"Shocking news! Government has banned the sale of urea and DAP fertilizers across India starting tomorrow. Buy extra bags immediately before stock ends!",misleading,Social Media Rumor,Fertilizer Rumor
"Soil Health Card scheme assists farmers to issue Soil Health Cards which contain crop-wise recommendations of nutrients and fertilizers required for the individual farms.",genuine,Official Portal,Soil Health
"Government is waiving off all private bank tractor loans and farm credit card loans up to 10 lakhs automatically. Register your details at http://farm-loan-waiver.org now!",misleading,WhatsApp Forward,Loan Scam
"Kisan Credit Card (KCC) scheme provides adequate and timely credit support from the banking system to farmers for their cultivation and agricultural needs at subsidized interest rates.",genuine,Reserve Bank / NABARD,Credit
"Attention farmers: Spraying concentrated salt solution on paddy crops completely destroys all insects and doubles crop yield in 3 days!",misleading,Social Media Advice,Fake Pest Advice
"Integrated Pest Management (IPM) techniques recommend regular field monitoring and using biological pest controls before resorting to chemical pesticide sprays.",genuine,ICAR Advisory,Agri Advisory
"URGENT ATTENTION: PM Kisan Scheme payment has been suspended for all farmers. To unblock your account pay Rs 250 processing fee at http://pmkisan-unblock-dbt.site within 24 hours.",misleading,Phishing SMS,Phishing Scam
"The National Agriculture Market (e-NAM) is an online trading platform for agricultural commodities in India linking existing APMC mandis to create a unified national market.",genuine,Official Portal,e-NAM
"Government announces 100% free electricity and free diesel for all tubewells across all states. Share this message to 10 WhatsApp groups to activate free power on your meter.",misleading,Viral Chain Message,Viral Scam
"Sub-Mission on Agricultural Mechanization (SMAM) provides financial assistance and subsidy for agricultural machinery procurement through official portal agrimachinery.nic.in.",genuine,Ministry of Agriculture,Mechanization
"Boiling neem leaves with diesel and spraying on cotton crops completely cures pink bollworm infestation overnight without damaging plants.",misleading,WhatsApp Advisory,Fake Advisory
"Paramparagat Krishi Vikas Yojana (PKVY) promotes cluster-based organic farming with financial assistance of Rs 50,000 per hectare over three years for organic inputs and certification.",genuine,Ministry of Agriculture,Organic Farming
"PM Modi is giving Rs 15000 cash bonus to every farmer who forwards this message to 5 WhatsApp contacts and fills out the form at http://pm-bonus-kisan.info!",misleading,WhatsApp Forward,Viral Scam
"The Cabinet Committee on Economic Affairs (CCEA) approves Minimum Support Prices (MSP) for mandated Kharif crops to ensure remunerative prices for growers.",genuine,Press Information Bureau,MSP
"Alert: Government will confiscate agricultural land if farmers do not complete land link verification on http://kisan-land-verify.com before midnight!",misleading,Phishing SMS,Phishing Scam
"Pradhan Mantri Krishi Sinchayee Yojana (PMKSY) aims to enhance water use efficiency through Per Drop More Crop micro-irrigation systems.",genuine,Official Portal,Irrigation
"Secret recipe revealed: Mixing detergent powder with kerosene oil and applying to wheat crops eliminates all fungal diseases instantly.",misleading,Social Media Advice,Fake Advisory
"Kisan Call Center operates toll-free number 1800-180-1551 providing expert agricultural advice to farmers in local languages from 6 AM to 10 PM daily.",genuine,Ministry of Agriculture,Support Line
"Government announced free seed kits distribution for wheat and rice to all farmers who pay Rs 199 shipping charge on http://free-beej-yojana.com.",misleading,WhatsApp Scam,Scam
"Under PM Kusum Scheme farmers can install standalone solar agriculture pumps with up to 60 percent subsidy from central and state government.",genuine,MNRE Official Scheme,Solar Scheme
"Special relief scheme: Every farmer with a tubewell gets Rs 50000 direct bank transfer if they click this link and enter OTP http://kisan-relief-fund.net.",misleading,Phishing Scam,Phishing Scam
"Farmers are advised to monitor weather updates from India Meteorological Department (IMD) Meghdoot app for location-specific agricultural forecasts.",genuine,IMD Advisory,Weather Advisory
"Urgent update: Government has cancelled all organic farming certifications and declared organic fertilizers illegal for wheat production.",misleading,Social Media Rumor,Fake News
"Rashtriya Krishi Vikas Yojana (RKVY) supports holistic development of agriculture and allied sectors by empowering states to choose localized farm projects.",genuine,Official Ministry Portal,Development
"Claim your free mini tractor! Government selected 5000 farmers for free machinery distribution. Verify your phone number at http://free-tractor-scheme.org.",misleading,WhatsApp Scam,Scam
"Soil testing helps determine crop nutrient requirements and prevents excessive fertilizer application, saving input costs and preserving soil health.",genuine,ICAR Extension,Soil Health
"Government is paying Rs 2000 per month pension to all farmers above 18 years without any contribution. Register at http://kisan-pension-free.site.",misleading,WhatsApp Forward,Fake Scheme
"Pradhan Mantri Kisan Maandhan Yojana is a voluntary and contributory pension scheme for small and marginal farmers aged 18 to 40 years.",genuine,Ministry of Agriculture,Pension Scheme
"Warning! Eating crops grown using NPK fertilizer causes instant food poisoning. Switch to fake herbal powder available at http://herbal-farm.com.",misleading,Commercial Fraud,Fake Advisory
"Agri-Clinics and Agri-Business Centres (ACABC) scheme provides training and credit-linked subsidies to agriculture graduates setting up farm advisory centers.",genuine,NABARD / MANAGE,Entrepreneurship
"Click here to double your PM Kisan payment from Rs 6000 to Rs 12000 annually by submitting your bank PIN on http://pmkisan-double-bonus.com!",misleading,Phishing Scam,Phishing Scam
"Central Insecticides Board & Registration Committee (CIBRC) approves and regulates pesticide formulations for safe agricultural use in India.",genuine,Official Regulatory Authority,Regulation
"Government announced 95 percent discount on drone sprayers for all small farmers who submit Aadhaar details to WhatsApp group admin.",misleading,WhatsApp Scam,Scam
"National Food Security Mission (NFSM) aims to increase production of rice, wheat, pulses, coarse cereals and commercial crops through productivity enhancement.",genuine,Ministry of Agriculture,Food Security
"Government is shutting down all APMC mandis nationwide from next Monday. Sell all your crop produce to private agents immediately at low rates!",misleading,Panic Messaging,Panic Rumor
"Farmers can check legitimate scheme guidelines and portal links on official Indian government domain agricoop.nic.in or india.gov.in.",genuine,Official Government Advisory,Portal Verification
